,Player_Id,Player_Name,Country,DOB,Matches
0,1,SC Ganguly,India,8-Jul-72,59
1,2,BB McCullum,New Zealand,27-Sep-81,92
2,3,RT Ponting,Australia,19-Dec-74,10
3,4,DJ Hussey,Australia,15-Jul-77,64
4,5,Mohammad Hafeez,Pakistan,17-Oct-80,8
5,6,R Dravid,India,11-Jan-73,89
6,7,W Jaffer,India,16-Feb-78,8
7,8,V Kohli,India,5-Nov-88,138
8,9,JH Kallis,South Africa,16-Oct-75,98
9,10,CL White,Australia,18-Aug-83,47
10,11,MV Boucher,South Africa,3-Dec-76,31
11,12,B Akhil,India,7-Oct-77,15
12,13,AA Noffke,Australia,30-Apr-77,1
13,14,P Kumar,India,2-Oct-86,113
14,15,Z Khan,India,7-Oct-78,88
15,16,SB Joshi,India,6-Jun-70,4
16,17,PA Patel,India,9-Mar-85,103
17,18,ML Hayden,Australia,29-Oct-71,32
18,19,MEK Hussey,Australia,27-May-75,59
19,20,MS Dhoni,India,7-Jul-81,142
20,21,SK Raina,India,27-Nov-86,146
21,22,JDP Oram,New Zealand,28-Jul-78,18
22,23,S Badrinath,India,30-Aug-80,94
23,24,K Goel,India,24-Dec-86,22
24,25,JR Hopes,Australia,24-Oct-78,21
25,26,KC Sangakkara,Sri Lanka,27-Oct-77,71
26,27,Yuvraj Singh,India,12-Dec-81,108
27,28,SM Katich,Australia,21-Aug-75,11
28,29,IK Pathan,India,27-Oct-84,102
29,30,T Kohli,India,17-Dec-88,4
30,31,YK Pathan,India,17-Nov-82,134
31,32,SR Watson,Australia,17-Jun-81,94
32,33,M Kaif,India,1-Dec-80,29
33,34,DS Lehmann,Australia,5-Feb-70,2
34,35,RA Jadeja,India,6-Dec-88,125
35,36,M Rawat,India,25-Oct-85,18
36,37,D Salunkhe,India,12-Nov-82,6
37,38,SK Warne,Australia,13-Sep-69,55
38,39,SK Trivedi,India,4-Sep-82,76
39,40,G Gambhir,India,14-Oct-81,132
40,41,V Sehwag,India,20-Oct-78,104
41,42,S Dhawan,India,5-Dec-85,113
42,43,L Ronchi,Australia,23-Apr-81,5
43,44,ST Jayasuriya,Sri Lanka,30-Jun-69,30
44,45,DJ Thornely,Australia,1-Oct-78,6
45,46,RV Uthappa,India,11-Nov-85,135
46,47,PR Shah,India,3-Nov-87,16
47,48,AM Nayar,India,8-Oct-83,60
48,49,SM Pollock,South Africa,16-Jul-73,13
49,50,Harbhajan Singh,India,3-Jul-80,125
50,51,S Chanderpaul,West Indies,16-Aug-74,3
51,52,LRPL Taylor,New Zealand,8-Mar-84,55
52,53,AC Gilchrist,Australia,14-Nov-71,80
53,54,Y Venugopal Rao,India,26-Feb-82,65
54,55,VVS Laxman,India,1-Nov-74,20
55,56,A Symonds,Australia,9-Jun-75,39
56,57,RG Sharma,India,30-Apr-87,142
57,58,SB Styris,New Zealand,10-Jul-75,12
58,59,SB Bangar,India,11-Oct-72,12
59,60,WPUJC Vaas,Sri Lanka,27-Jan-74,13
60,61,RP Singh,India,6-Dec-85,82
61,62,WP Saha,India,24-Oct-84,89
62,63,LR Shukla,India,6-May-81,47
63,64,DPMD Jayawardene,Sri Lanka,27-May-77,80
64,65,S Sohal,India,10-Nov-87,22
65,66,B Lee,Australia,8-Nov-76,38
66,67,PP Chawla,India,24-Dec-88,123
67,68,WA Mota,India,20-Sep-81,12
68,69,Kamran Akmal,Pakistan,13-Jan-82,6
69,70,Shahid Afridi,Pakistan,1-Mar-80,10
70,71,DJ Bravo,West Indies,7-Oct-83,105
71,72,MA Khote,India,22-Apr-80,4
72,73,A Nehra,India,29-Apr-79,82
73,74,GC Smith,South Africa,1-Feb-81,29
74,75,Pankaj Singh,India,6-May-85,17
75,76,RR Sarwan,West Indies,23-Jun-80,4
76,77,S Sreesanth,India,6-Feb-83,44
77,78,VRV Singh,India,17-Sep-84,19
78,79,SS Tiwary,India,30-Dec-89,79
79,80,DS Kulkarni,India,10-Dec-88,66
80,81,R Vinay Kumar,India,12-Feb-84,101
81,82,AB Agarkar,India,4-Dec-77,42
82,83,M Kartik,India,11-Sep-76,56
83,84,I Sharma,India,2-Sep-88,70
84,85,AM Rahane,India,6-Jun-88,95
85,86,Shoaib Malik,Pakistan,1-Feb-82,7
86,87,MK Tiwary,India,14-Nov-85,78
87,88,KD Karthik,India,1-Jun-85,138
88,89,R Bhatia,India,22-Oct-79,92
89,90,MF Maharoof,India,7-Sep-84,20
90,91,VY Mahesh,India,21-Dec-87,17
91,92,TM Srivastava,India,7-Nov-89,7
92,93,B Chipli,India,27-Jan-83,23
93,94,DW Steyn,South Africa,27-Jun-83,90
94,95,DB Das,India,22-Sep-86,31
95,96,MK Pandey,India,10-Sep-89,89
96,97,HH Gibbs,South Africa,23-Feb-74,36
97,98,DNT Zoysa,Sri Lanka,13-May-78,3
98,99,D Kalyankrishna,India,16-Dec-83,3
99,100,SE Marsh,Australia,9-Jul-83,62
100,101,SA Asnodkar,India,29-Mar-84,20
101,102,Sohail Tanvir,Pakistan,12-Dec-84,11
102,103,Salman Butt,Pakistan,7-Oct-84,7
103,104,BJ Hodge,Australia,29-Dec-74,66
104,105,Umar Gul,Pakistan,14-Apr-84,6
105,106,AB Dinda,India,25-Mar-84,75
106,107,SP Fleming,New Zealand,1-Apr-73,10
107,108,S Vidyut,India,3-Dec-81,9
108,109,JA Morkel,South Africa,10-Jun-81,90
109,110,AB de Villiers,South Africa,17-Feb-84,119
110,111,LPC Silva,Sri Lanka,14-Dec-79,3
111,112,DB Ravi Teja,India,5-Sep-87,32
112,113,Misbah-ul-Haq,Pakistan,28-May-74,8
113,114,YV Takawale,India,5-Nov-84,16
114,115,RR Raje,India,3-Sep-86,10
115,116,PJ Sangwan,India,5-Nov-90,33
116,117,Mohammad Asif,Pakistan,20-Dec-82,8
117,118,GD McGrath,Australia,9-Feb-70,14
118,119,Joginder Sharma,India,23-Oct-83,16
119,120,MS Gony,India,4-Jan-84,43
120,121,M Muralitharan,Sri Lanka,17-Apr-72,66
121,122,M Ntini,South Africa,6-Jul-77,9
122,123,DT Patil,India,6-Dec-84,2
123,124,A Kumble,India,17-Oct-70,42
124,125,S Anirudha,India,14-Apr-87,20
125,126,MM Patel,India,12-Jul-83,61
126,127,CK Kapugedera,Sri Lanka,24-Feb-87,5
127,128,A Chopra,India,19-Sep-77,7
128,129,T Taibu,Zimbabwea,14-May-83,3
129,130,J Arunkumar,India,18-Jan-75,3
130,131,PP Ojha,India,5-Sep-86,92
131,132,SP Goswami,India,18-May-89,23
132,133,SR Tendulkar,India,24-Apr-73,78
133,134,U Kaul,India,2-Dec-87,5
134,135,TM Dilshan,Sri Lanka,14-Oct-76,51
135,136,A Mishra,India,24-Nov-82,112
136,137,AD Mascarenhas,England,30-Oct-77,13
137,138,NK Patel,India,26-Mar-81,9
138,139,LA Pomersbach,Australia,28-Sep-84,17
139,140,Iqbal Abdulla,India,2-Dec-89,47
140,141,Younis Khan,Pakistan,29-Nov-77,1
141,142,PM Sarvesh Kumar,India,26-Apr-89,2
142,143,DP Vijaykumar,India,20-Oct-86,9
143,144,Shoaib Akhtar,Pakistan,13-Aug-75,3
144,145,Abdur Razzak,Bangladesh,15-Jun-82,1
145,146,H Das,India,10-Dec-86,1
146,147,DR Smith,West Indies,12-Apr-83,79
147,148,SD Chitnis,India,6-May-87,11
148,149,CRD Fernando,Sri Lanka,19-Jul-79,10
149,150,VS Yeligati,India,23-Apr-85,2
150,151,L Balaji,India,27-Sep-81,73
151,152,A Mukund,India,6-Jan-90,3
152,153,RR Powar,India,20-May-78,27
153,154,JP Duminy,South Africa,14-Apr-84,77
154,155,A Flintoff,England,6-Dec-77,3
155,156,T Thushara,Sri Lanka,1-Mar-81,6
156,157,JD Ryder,New Zealand,6-Aug-84,29
157,158,KP Pietersen,South Africa,27-Jun-80,36
158,159,T Henderson,South Africa,1-Aug-74,2
159,160,Kamran Khan,India,10-Mar-91,9
160,161,RS Bopara,England,4-May-85,24
161,162,CH Gayle,West Indies,21-Sep-79,91
162,163,MC Henriques,Australia,1-Feb-87,45
163,164,R Bishnoi,India,8-Oct-87,3
164,165,FH Edwards,West Indies,6-Feb-82,6
165,166,KV Sharma,India,23-Oct-87,47
166,167,PC Valthaty,India,7-Dec-83,23
167,168,RJ Quiney,Australia,20-Aug-82,7
168,169,AS Raut,India,3-Mar-87,22
169,170,Yashpal Singh,India,27-Nov-81,8
170,171,M Manhas,India,12-Oct-79,55
171,172,AA Bilakhia,India,31-May-86,7
172,173,AN Ghosh,India,19-Oct-86,2
173,174,BAW Mendis,Sri Lanka,11-Mar-85,10
174,175,DL Vettori,New Zealand,27-Jan-79,34
175,176,MN van Wyk,South Africa,20-Mar-79,5
176,177,RE van der Merwe,South Africa,31-Dec-84,21
177,178,TL Suman,India,15-Dec-83,43
178,179,Shoaib Ahmed,Pakistan,17-Aug-90,8
179,180,GR Napier,England,6-Jan-80,1
180,181,KP Appanna,India,20-Dec-88,13
181,182,LA Carseldine,Australia,17-Nov-75,5
182,183,NV Ojha,India,20-Jul-83,98
183,184,SM Harwood,Australia,1-Mar-74,3
184,185,M Vijay,India,1-Apr-84,100
185,186,SB Jakati,India,27-Nov-80,57
186,187,DA Warner,Australia,27-Oct-86,100
187,188,RJ Harris,Australia,11-Oct-79,37
188,189,D du Preez,South Africa,8-Nov-81,2
189,190,M Morkel,South Africa,6-Oct-84,70
190,191,AD Mathews,Sri Lanka,2-Jun-87,46
191,192,J Botha,South Africa,2-May-82,34
192,193,C Nanda,India,29-Mar-79,3
193,194,SL Malinga,Sri Lanka,28-Aug-83,98
194,195,Mashrafe Mortaza,Bangladesh,5-Oct-83,1
195,196,A Singh,India,21-Jun-81,23
196,197,GJ Bailey,Australia,7-Sep-82,40
197,198,AB McDonald,Australia,5-Jun-81,10
198,199,Y Nagar,India,6-Jan-90,26
199,200,SS Shaikh,India,18-Jan-87,2
200,201,R Ashwin,India,17-Sep-86,110
201,202,Mohammad Ashraful,Bangladesh,7-Jul-84,1
202,203,CA Pujara,India,25-Jan-88,30
203,204,OA Shah,England,22-Oct-78,23
204,205,Anirudh Singh,India,2-Aug-80,5
205,206,Jaskaran Singh,India,4-Sep-89,8
206,207,AP Tare,India,7-Nov-87,32
207,208,AT Rayudu,India,23-Sep-85,109
208,209,R Sathish,India,14-Jan-81,34
209,210,R McLaren,South Africa,9-Feb-83,18
210,211,AA Jhunjhunwala,India,1-Dec-82,21
211,212,P Dogra,India,19-Nov-84,13
212,213,A Uniyal,India,21-Nov-81,2
213,214,MS Bisla,India,27-Dec-84,39
214,215,YA Abdulla,India,17-Jan-83,11
215,216,EJG Morgan,England,10-Sep-86,48
216,217,JM Kemp,South Africa,2-Oct-77,5
217,218,S Tyagi,India,17-Sep-87,14
218,219,RS Gavaskar,India,20-Feb-76,2
219,220,SE Bond,New Zealand,7-Jun-75,8
220,221,KA Pollard,West Indies,12-May-87,106
221,222,S Ladda,India,10-Jul-86,9
222,223,DP Nannes,Australia,16-May-76,29
223,224,MJ Lumb,England,12-Feb-80,12
224,225,DR Martyn,Australia,21-Oct-71,1
225,226,S Narwal,India,16-Apr-82,7
226,227,AB Barath,India,14-Apr-90,3
227,228,Bipul Sharma,India,28-Sep-83,26
228,229,FY Fazal,India,7-Sep-85,12
229,230,AC Voges,Australia,4-Oct-79,9
230,231,MD Mishra,India,9-Feb-84,18
231,232,UT Yadav,India,25-Oct-87,88
232,233,J Theron,South Africa,24-Jul-85,10
233,234,SJ Srivastava,India,22-Sep-81,14
234,235,R Sharma,India,30-Apr-87,44
235,236,Mandeep Singh,India,18-Dec-91,59
236,237,KM Jadhav,India,26-Mar-85,51
237,238,SW Tait,Australia,22-Feb-83,21
238,239,KB Arun Karthik,India,15-Feb-86,17
239,240,KAJ Roach,West Indies,30-Jun-88,2
240,241,PD Collingwood,England,26-May-76,8
241,242,CK Langeveldt,England,17-Dec-74,7
242,243,VS Malik,India,9-May-83,13
243,244,A Mithun,India,25-Oct-89,16
244,245,AP Dole,India,9-Oct-87,3
245,246,AN Ahmed,India,5-Nov-88,17
246,247,RS Sodhi,India,18-Oct-80,3
247,248,DE Bollinger,Australia,24-Jul-81,27
248,249,S Sriram,India,21-Feb-76,2
249,250,B Sumanth,India,10-May-88,5
250,251,C Madan,India,15-Oct-82,1
251,252,AG Paunikar,India,18-Apr-88,5
252,253,MR Marsh,Australia,20-Oct-91,20
253,254,AJ Finch,Australia,17-Nov-86,52
254,255,STR Binny,India,3-Jun-84,72
255,256,Harmeet Singh,India,7-Sep-92,28
256,257,IR Jaggi,India,27-Jan-89,5
257,258,DT Christian,Australia,4-May-83,23
258,259,RV Gomez,India,16-Oct-85,13
259,260,MA Agarwal,India,16-Feb-91,49
260,261,AUK Pathan,India,17-Jun-84,8
261,262,UBT Chand,India,26-Mar-93,21
262,263,DJ Jacobs,South Africa,4-Nov-82,7
263,264,Sunny Singh,India,18-Dec-86,6
264,265,NJ Rimmington,Australia,11-Nov-82,1
265,266,AL Menaria,India,29-Oct-90,29
266,267,WD Parnell,South Africa,30-Jul-89,26
267,268,JJ van der Wath,South Africa,10-Jan-78,3
268,269,R Ninan,India,19-Nov-85,2
269,270,S Aravind,India,8-Apr-84,28
270,271,MS Wade,Australia,26-Dec-87,3
271,272,TD Paine,Australia,8-Dec-84,2
272,273,SB Wagh,India,9-Oct-88,8
273,274,AC Thomas,England,9-Feb-77,15
274,275,JEC Franklin,New Zealand,7-Nov-80,20
275,276,Shakib Al Hasan,Bangladesh,24-Mar-87,42
276,277,DH Yagnik,India,22-Jun-83,25
277,278,S Randiv,Sri Lanka,30-Jan-85,8
278,279,BJ Haddin,Australia,23-Oct-77,1
279,280,NLTC Perera,Sri Lanka,3-Apr-89,37
280,281,NL McCullum,New Zealand,1-Sep-80,2
281,282,JE Taylor,New Zealand,22-Jun-84,5
282,283,J Syed Mohammad,India,3-Jun-83,11
283,284,RN ten Doeschate,Netherlands,30-Jun-80,29
284,285,TR Birt,Australia,9-Dec-81,5
285,286,AG Murtaza,India,1-Jan-90,12
286,287,Harpreet Singh,India,11-Aug-91,4
287,288,M Klinger,Australia,4-Jul-80,4
288,289,AC Blizzard,Australia,27-Jun-84,7
289,290,I Malhotra,India,23-May-84,1
290,291,L Ablish,India,3-Dec-82,3
291,292,CA Ingram,South Africa,3-Jul-85,3
292,293,S Nadeem,India,12-Aug-89,48
293,294,P Parameswaran,India,30-May-85,8
294,295,CJ Ferguson,Australia,21-Nov-84,9
295,296,VR Aaron,India,29-Oct-89,36
296,297,AA Chavan,India,28-Oct-85,13
297,298,ND Doshi,India,6-Oct-78,4
298,299,B Kumar,India,5-Feb-90,76
299,300,Y Gnaneswara Rao,India,25-Aug-84,2
300,301,S Rana,India,18-Sep-84,11
301,302,BA Bhatt,India,13-May-90,17
302,303,F du Plessis,South Africa,13-Jul-84,50
303,304,RE Levi,South Africa,14-Jan-88,6
304,305,GJ Maxwell,Australia,14-Oct-88,43
305,306,SPD Smith,India,2-Jun-89,54
306,307,MN Samuels,West Indies,5-Feb-81,10
307,308,SA Yadav,India,14-Sep-90,45
308,309,KK Cooper,West Indies,16-Feb-89,25
309,310,JP Faulkner,Australia,29-Apr-90,52
310,311,HV Patel,India,23-Nov-90,34
311,312,DAJ Bracewell,New Zealand,28-Sep-90,1
312,313,DJ Harris,Australia,31-Dec-79,4
313,314,Ankit Sharma,India,20-Apr-91,20
314,315,SP Narine,West Indies,26-May-88,66
315,316,GB Hogg,Australia,6-Feb-71,21
316,317,RR Bhatkal,India,1-Sep-85,1
317,318,CJ McKay,Australia,20-Feb-83,2
318,319,N Saini,India,28-Oct-88,10
319,320,DA Miller,South Africa,10-Jun-89,61
320,321,Azhar Mahmood,Pakistan,28-Feb-75,23
321,322,P Negi,India,6-Jan-93,29
322,323,RJ Peterson,South Africa,4-Aug-79,5
323,324,KMDN Kulasekara,Sri Lanka,22-Jul-82,5
324,325,A Ashish Reddy,India,24-Feb-91,31
325,326,V Pratap Singh,India,3-May-92,9
326,327,BB Samantray,India,14-Dec-88,9
327,328,MJ Clarke,Australia,2-Apr-81,6
328,329,Gurkeerat Singh,India,29-Jun-90,28
329,330,AP Majumdar,India,30-Apr-84,4
330,331,PA Reddy,India,11-Feb-91,12
331,332,K Upadhyay,India,18-Jun-86,3
332,333,P Awana,India,19-Jul-86,33
333,334,AD Russell,West Indies,29-Apr-88,34
334,335,A Chandila,India,5-Dec-83,12
335,336,CA Lynn,Australia,10-Apr-90,5
336,337,Sunny Gupta,India,27-Sep-88,1
337,338,MC Juneja,India,12-Sep-90,7
338,339,KK Nair,India,6-Dec-91,41
339,340,GH Vihari,India,13-Oct-93,22
340,341,MDKJ Perera,Sri Lanka,17-Aug-90,2
341,342,R Shukla,India,28-Aug-90,7
342,343,B Laughlin,Australia,3-Oct-82,2
343,344,AS Rajpoot,India,4-Dec-93,6
344,345,M Vohra,India,18-Jul-93,34
345,346,JD Unadkat,India,18-Oct-91,35
346,347,Mohammed Shami,India,3-Sep-90,23
347,348,BMAJ Mendis,Sri Lanka,15-Jan-83,3
348,349,R Rampaul,West Indies,15-Oct-84,12
349,350,CH Morris,South Africa,30-Apr-87,39
350,351,SV Samson,India,11-Nov-94,52
351,352,SMSM Senanayake,Sri Lanka,9-Feb-85,8
352,353,BJ Rohrer,Australia,26-Mar-81,8
353,354,KL Rahul,India,18-Apr-92,39
354,355,Q de Kock,South Africa,17-Dec-92,26
355,356,R Dhawan,India,19-Feb-90,26
356,357,MG Johnson,Australia,2-Nov-81,43
357,358,LJ Wright,England,7-Mar-85,7
358,359,IC Pandey,India,15-Aug-89,25
359,360,CM Gautam,India,8-Mar-86,13
360,361,X Thalaivan Sargunam,India,15-May-85,1
361,362,DJG Sammy,West Indies,20-Dec-83,22
362,363,KW Richardson,Australia,12-Feb-91,14
363,364,MM Sharma,India,18-Sep-88,61
364,365,UA Birla,India,17-Nov-89,2
365,366,Parvez Rasool,India,13-Feb-89,11
366,367,Sandeep Sharma,India,18-May-93,43
367,368,S Kaul,India,19-May-90,11
368,369,Sachin Baby,India,18-Dec-88,15
369,370,PV Tambe,India,8-Oct-71,33
370,371,NM Coulter-Nile,Australia,11-Oct-87,18
371,372,CJ Anderson,New Zealand,13-Dec-90,16
372,373,NJ Maddinson,Australia,21-Dec-91,3
373,374,AR Patel,India,20-Jan-94,45
374,375,JJ Bumrah,India,6-Dec-93,31
375,376,JDS Neesham,New Zealand,17-Sep-90,4
376,377,TG Southee,New Zealand,11-Dec-88,26
377,378,MA Starc,Australia,30-Jan-90,27
378,379,BR Dunk,Australia,11-Mar-87,3
379,380,RR Rossouw,South Africa,9-Oct-89,5
380,381,Shivam Sharma,India,9-Sep-93,5
381,382,YS Chahal,India,23-Jul-90,43
382,383,LMP Simmons,West Indies,25-Jan-85,22
383,384,VH Zol,India,23-Nov-94,3
384,385,BCJ Cutting,Australia,30-Jan-87,5
385,386,Imran Tahir,India,27-Mar-79,20
386,387,BE Hendricks,South Africa,8-Jun-90,7
387,388,S Gopal,India,4-Sep-93,6
388,389,M de Lange,South Africa,13-Oct-90,5
389,390,R Tewatia,India,20-May-93,4
390,391,JO Holder,West Indies,5-Nov-91,11
391,392,Karanveer Singh,India,8-Nov-87,9
392,393,SS Iyer,India,6-Dec-94,20
393,394,DJ Hooda,India,19-Apr-95,31
394,395,Anureet Singh,India,2-Mar-88,19
395,396,KS Williamson,New Zealand,8-Aug-90,8
396,397,SA Abbott,New Zealand,29-Feb-92,2
397,398,J Suchith,India,16-Jan-94,14
398,399,RG More,India,2-Feb-92,2
399,400,HH Pandya,India,11-Oct-93,20
400,401,D Wiese,South Africa,18-May-85,15
401,402,SN Khan,India,27-Oct-97,18
402,403,MJ McClenaghan,New Zealand,11-Jun-86,26
403,404,DJ Muthuswami,India,9-Mar-81,6
404,405,PJ Cummins,Australia,8-May-93,4
405,406,SN Thakur,India,16-Oct-91,1
406,407,JC Buttler,England,8-Sep-90,14
407,408,CR Brathwaite,West Indies,18-Jul-88,8
408,409,MP Stoinis,Australia,16-Aug-89,7
409,410,Ishan Kishan,India,18-Jul-98,5
410,411,C Munro,New Zealand,11-Mar-87,4
411,412,P Sahu,India,21-Aug-85,5
412,413,KH Pandya,India,24-Mar-91,12
413,414,AD Nath,India,10-May-93,4
414,415,MJ Guptill,New Zealand,30-Sep-86,3
415,416,KJ Abbott,South Africa,18-Jun-87,5
416,417,TM Head,Australia,29-Dec-93,3
417,418,M Ashwin,India,8-Sep-90,10
418,419,NS Naik,India,9-Nov-94,2
419,420,RR Pant,India,4-Oct-97,10
420,421,SW Billings,England,15-Jun-91,5
421,422,KC Cariappa,India,13-Apr-94,6
422,423,PSP Handscomb,Australia,26-Apr-91,2
423,424,Swapnil Singh,India,22-Jan-91,1
424,425,J Yadav,India,22-Jan-90,8
425,426,UT Khawaja,Australia,18-Dec-86,6
426,427,HM Amla,South Africa,31-Mar-83,6
427,428,F Behardien,South Africa,9-Oct-83,3
428,429,BB Sran,India,10-Dec-92,15
429,430,A Zampa,Australia,31-Mar-92,5
430,431,N Rana,India,27-Dec-93,4
431,432,S Kaushik,India,7-Sep-95,7
432,433,ER Dwivedi,India,22-Jul-88,4
433,434,CJ Jordan,England,4-Oct-88,9
434,435,P Amarnath,India,1-Jun-82,6
435,436,B Geeves,Australia,13-Jun-82,2
436,437,Gagandeep Singh,India,3-Oct-81,4
437,438,A Nel,South Africa,15-Jul-77,1
438,439,AM Salvi,India,20-Oct-81,7
439,440,RR Bose,India,27-Feb-79,1
440,441,SS Sarkar,India,15-Dec-84,2
441,442,RA Shaikh,India,12-Jun-85,1
442,443,C Ganapathy,India,10-Jun-81,1
443,444,MB Parmar,India,12-Apr-88,1
444,445,AA Kazi,India,29-Sep-89,1
445,446,Anand Rajan,India,17-Apr-87,8
446,447,P Prasanth,India,22-May-85,1
447,448,SS Mundhe,India,27-Oct-88,1
448,449,RW Price,Zimbabwea,12-Jun-76,1
449,450,TP Sudhindra,India,24-Apr-84,3
450,451,BW Hilfenhaus,Australia,15-Mar-83,17
451,452,S Badree,West Indies,9-Mar-81,5
452,453,P Suyal,India,15-Oct-89,5
453,454,MG Neser,Australia,29-Mar-90,1
454,455,V Shankar,India,26-Jan-91,1
455,456,K Santokie,West Indies,20-Dec-84,2
456,457,JW Hastings,Australia,4-Nov-85,3
457,458,TA Boult,New Zealand,22-Jul-89,8
458,459,GS Sandhu,Australia,14-Jun-93,3
459,460,Mustafizur Rahman,Bangladesh,6-Sep-95,16
460,461,AF Milne,New Zealand,13-Apr-92,1
461,462,Kuldeep Yadav,India,14-Dec-94,3
462,463,T Shamsi,South Africa,18-Feb-90,4
463,464,SM Boland,Australia,11-Apr-89,2
464,465,DL Chahar,India,7-Aug-92,2
465,466,P Dharmani,India,27-Sep-74,1
466,467,RV Pawar,India,6-Sep-79,1
467,468,KH Devdhar,India,14-Dec-89,1
468,469,T Mishra,India,22-Dec-86,1
